"3,6,7,8,9",5:22:15
"10,16,17,22,27",3:10:26
"28,29,39,45,47",1:52:83
"48,53,60,64,66",1:13:10
"67,69,70,71,72",2:33:01
"73,76,80,82,88",1:43:28
"89,104,106,107,110",2:20:21
"115,119,122,123,129",3:00:10
"130,132,136,137,138",3:05:20
"140,141,142,143,144",2:35:44
"145,146,147,149,150",2:50:41
"151,152,158,159,160",2:07:10
"167,169,172,175,176",3:45:30
"178,179,180,182,186",3:13:00
"187,188,189,193,195",3:11:44
"197,199,200,201,202",3:25:54
"203,204,205,206,207",3:28:42
"209,210,213,224,225",3:20:40
"226,227,228,229,230",5:45:46
"231,232,233,234,235",4:54:12
"209,210,213,224,225",3:20:40
"236,237,238,239,240",4:20:08
"241,242,243,244,245",5:56:00
"246,247,248,249,250",5:26:08
"251,252,253,254,255",4:50:03







